Self|ozh
I|ozh
me|ozh
my|ozh
mine|ozh
1|ozh
i|ozh
maine|ozh
pinetreestate|ozh
ace|ozh
ane|ozh
atomicnumber53|ozh
ego|ozh
iodin|ozh
iodine|ozh
one|ov
self|ozh
single|ozh
unity|ov
you|izh
him|izh
her|izh
group|izhai
they|izhai
them|izhai
aggroup|izhai
chemicalgroup|izhai
grouping|izhai
mathematicalgroup|izhai
radical|izhai
demon|ozkavosh
demons|ozkavosh
spirit|ozkavosh
spirits|ozkavosh
johnbarleycorn|ozkavosh
booze|ozkavosh
daemon|ozkavosh
daimon|ozkavosh
devil|ozkavosh
disembodiedspirit|ozkavosh
emotionalstate|ozkavosh
feel|hahsh
feeling|ozkavosh
fiend|ozkavosh
flavor|ozkavosh
flavour|ozkavosh
harddrink|ozkavosh
hardliquor|ozkavosh
heart|ozkavosh
inspirit|ozkavosh
intent|ozkavosh
life|ozkavosh
liquor|ozkavosh
liveliness|ozkavosh
look|eyik
monster|ozkavosh
ogre|ozkavosh
purport|ozkavosh
smell|ozkavosh
spiritup|ozkavosh
sprightliness|ozkavosh
strongdrink|ozkavosh
tone|hahsh
this|sa
concept|sa
conception|sa
construct|sa
that|vu
the|vu
upon|doq
ontop|doq
above|doq
ground|doq
anchor|doq
background|doq
base|doq
basis|doq
bray|doq
comminute|doq
cranch|doq
craunch|doq
crunch|doq
dig|doq
drudge|doq
dryland|doq
earth|doq
establish|doq
fag|doq
flatcoat|doq
footing|doq
found|doq
grate|doq
grind|doq
higherup|doq
inahigherplace|doq
labor|doq
labour|doq
land|nith
mash|doq
moil|doq
prime|doq
primer|doq
primercoat|doq
priming|doq
primingcoat|doq
reason|doq
runaground|doq
soil|doq
solidground|doq
strand|doq
supra|doq
terrafirma|doq
toahigherplace|doq
toil|doq
travail|doq
undercoat|nith
far|roq
distant|roq
remote|roq
reach|roq
alir|roq
armyfortheliberationofrwanda|roq
formerarmedforces|roq
interahamwe|roq
accomplish|roq
achieve|roq
aloof|roq
ambit|roq
arriveat|roq
attain|roq
compass|roq
contact|roq
extendto|roq
gain|roq
getholdof|roq
getthrough|roq
getto|roq
give|roq
grasp|roq
hand|roq
hit|roq
make|roq
orbit|roq
outback|roq
outside|roq
pass|roq
passon|roq
progressto|roq
range|roq
reachout|roq
reaching|roq
remotecontrol|roq
removed|roq
scope|roq
strain|roq
stretch|roq
strive|roq
touch|roq
turnover|roq
upstage|roq
below|doz
beneath|doz
underneath|doz
burrowed|doz
atalowerplace|doz
burrow|doz
downthestairs|doz
downstairs|doz
infra|doz
onalowerfloor|doz
toalowerplace|doz
tunnel|doz
under|doz
very|ahm
super|ahm
aone|ahm
crack|ahm
exceedingly|ahm
extremely|ahm
firstrate|ahm
identical|ahm
passing|ahm
rattling|ahm
real|ahm
really|ahm
selfsame|ahm
superintendent|ahm
tiptop|ahm
topnotch|ahm
tops|ahm
more|ashm
additional|ashm
much|ashm
sirthomasmore|ashm
thomasmore|ashm
agooddeal|ashm
agreatdeal|ashm
alot|ashm
extra|ashm
lots|ashm
morethan|ashm
often|ashm
practically|ashm
toagreaterextent|ashm
verymuch|ashm
not|vo
negative|vo
exclude|vo
bar|vo
blackball|vo
bootout|vo
chuckout|vo
damaging|vo
debar|vo
disconfirming|vo
eject|vo
electronegative|vo
except|vo
keepout|vo
leaveoff|vo
leaveout|vo
minus|vo
negativelycharged|vo
non|vo
omit|vo
shut|vo
shutout|vo
takeout|vo
turfout|vo
turnout|vo
veto|vo
less|vom
fewer|vom
deplete|vom
exhaust|vom
le|vom
beat|vom
consume|vom
discharge|vom
eat|gluth
eatup|vom
exhaustfumes|vom
exhaustsystem|vom
expel|vom
few|vom
fumes|vom
lupuserythematosus|vom
playout|vom
release|vom
rundown|vom
runthrough|vom
sap|vom
tire|vom
toalesserextent|vom
tucker|vom
tuckerout|vom
useup|vom
washup|vom
wipeout|vom
am|acha
be|acha
now|acha
is|acha
artiummagister|acha
ma|acha
masterofarts|acha
americium|acha
amplitudemodulation|acha
atonce|acha
atpresent|acha
atomicnumber4|acha
atomicnumber95|acha
beryllium|acha
comprise|acha
constitute|acha
cost|acha
directly|acha
embody|acha
equal|acha
exist|acha
follow|acha
forthwith|acha
glucinium|acha
immediately|acha
instantly|acha
likeashot|acha
live|acha
makeup|acha
nowadays|acha
personify|acha
represent|acha
rightaway|acha
straightoff|acha
straightaway|acha
today|acha
could|icha
will|icha
possibility|icha
maybe|icha
bequeath|icha
hypothesis|icha
leave|icha
mayhap|icha
opening|icha
peradventure|icha
perchance|icha
perhaps|icha
possibleaction|icha
possibleness|icha
possibly|icha
testament|icha
theory|icha
volition|icha
was|ucha
existed|ucha
evergreenstate|ucha
wa|ucha
washington|ucha
subsist|ucha
survive|thok
without|hollom
nothing|hollom
hollow|hollom
aught|hollom
cipher|hollom
coreout|hollom
cypher|hollom
empty|hollom
excavate|hollom
gooseegg|hollom
hole|hollom
holler|hollom
hollowout|hollom
nada|hollom
naught|hollom
nil|hollom
nix|hollom
null|hollom
vacuous|hollom
zero|hollom
zilch|hollom
zip|hollom
zippo|hollom
take|tak
have|tak
own|tak
grab|tak
accept|tak
acquire|tak
admit|tak
adopt|tak
aim|tak
ain|tak
ask|tak
assume|tak
bear|tak
birth|tak
bring|tak
callfor|tak
carry|tak
catch|tak
cause|tak
charter|tak
choose|tak
claim|tak
conduct|tak
consider|tak
contain|tak
contract|tak
convey|tak
deal|tak
deliver|tak
demand|tak
direct|tak
drive|tak
engage|tak
exact|tak
experience|tak
feature|tak
fill|tak
film|tak
get|tak
givebirth|tak
guide|tak
havegot|tak
hire|tak
hold|tak
induce|tak
ingest|tak
involve|tak
issue|tak
lead|tak
learn|tak
lease|tak
let|tak
lookat|tak
necessitate|tak
need|tak
occupy|tak
pack|tak
payoff|tak
pickout|tak
possess|tak
postulate|tak
proceeds|tak
read|tak
receive|tak
remove|tak
rent|tak
require|tak
return|tak
richperson|tak
seize|tak
select|tak
shoot|tak
snaffle|tak
snap|tak
snapup|tak
snatch|tak
stimulate|tak
strike|tak
study|tak
submit|tak
subscribe|tak
subscribeto|tak
suffer|tak
sustain|tak
takeaim|tak
takeaway|tak
takeholdof|tak
takein|tak
takeon|tak
takeup|tak
takings|tak
throw|tak
train|tak
wealthyperson|tak
withdraw|tak
yield|tak
again|wroth
repeated|wroth
iterative|wroth
double|wroth
duplicate|wroth
echo|wroth
ingeminate|wroth
iterate|wroth
iterativeaspect|wroth
onceagain|wroth
oncemore|wroth
overagain|wroth
perennial|wroth
recapitulate|wroth
recur|wroth
recurrent|wroth
reduplicate|wroth
reiterate|wroth
reiterative|wroth
repeat|wroth
replicate|wroth
reprise|wroth
reprize|wroth
restate|wroth
retell|wroth
takeover|wroth
part|lash
segment|lash
share|lash
apportion|lash
break|lash
breakup|lash
character|lash
component|lash
componentpart|lash
constituent|lash
contribution|lash
depart|lash
disunite|lash
divide|lash
division|lash
divvyup|lash
function|lash
office|lash
parcel|lash
partake|lash
partakein|lash
partially|lash
parting|lash
partly|lash
percentage|lash
persona|lash
piece|lash
ploughshare|lash
plowshare|lash
portion|lash
portionout|lash
region|lash
role|lash
section|lash
separate|lash
setforth|lash
setoff|lash
setout|lash
split|lash
splitup|lash
start|lash
startout|lash
takeoff|lash
theatricalrole|lash
voice|lash
forward|alatho
ahead|alatho
advancing|alatho
before|alatho
beforehand|alatho
fore|alatho
forrad|alatho
forrader|alatho
forrard|alatho
forth|alatho
forwardmoving|alatho
forwards|alatho
frontward|alatho
frontwards|alatho
inadvance|alatho
infront|alatho
inthelead|alatho
leading|alatho
onward|alatho
onwards|alatho
outfront|alatho
sendon|alatho
Back|ulatho
backwards|ulatho
back|ulatho
backup|ulatho
backbone|ulatho
backrest|ulatho
backward|ulatho
beton|ulatho
binding|ulatho
bookbinding|ulatho
cover|ulatho
dorsum|ulatho
endorse|ulatho
gage|ulatho
game|ulatho
hind|ulatho
hinder|ulatho
indorse|ulatho
plumpfor|ulatho
plunkfor|ulatho
punt|ulatho
rachis|ulatho
rear|ulatho
rearward|ulatho
rearwards|ulatho
second|ulatho
spinalcolumn|ulatho
spine|ulatho
stake|ulatho
support|ulatho
vertebralcolumn|ulatho
at|tho
local|tho
position|tho
astatine|tho
atomicnumber85|tho
attitude|tho
berth|tho
billet|tho
emplacement|tho
lay|tho
lieu|tho
localanaesthetic|tho
localanesthetic|tho
locating|tho
location|tho
militaryposition|tho
perspective|tho
place|tho
placement|tho
pose|tho
positioning|tho
post|tho
posture|tho
put|tho
set|tho
side|tho
situation|tho
spatialrelation|tho
spot|tho
stance|tho
status|tho
stead|tho
topicalanaesthetic|tho
topicalanesthetic|tho
view|eyik
introspection|sek
meditate|sek
meditation|sek
chewover|sek
contemplate|sek
excogitate|sek
mull|sek
mullover|sek
muse|sek
ponder|sek
reflect|sek
ruminate|sek
selfcontemplation|sek
selfexamination|sek
speculate|sek
speculation|sek
thinkover|sek
move|thok
go|thok
walk|thok
run|thok
teleport|thok
adam|thok
x|thok
xtc|thok
act|thok
actuate|thok
affect|thok
baseonballs|thok
beactive|thok
begiven|thok
become|thok
belong|thok
blackmarket|thok
bleed|thok
blend|thok
blendin|thok
breakaway|thok
breakdown|thok
bunk|thok
buythefarm|thok
campaign|thok
cashinoneschips|thok
choke|thok
conk|thok
conkout|thok
consort|thok
course|thok
cristal|thok
croak|thok
decease|thok
die|thok
diehard|thok
discobiscuit|thok
displace|thok
draw|thok
dropdead|thok
ecstasy|thok
endure|thok
escape|thok
execute|thok
exit|thok
expire|thok
extend|thok
fail|thok
feed|thok
fit|thok
fling|thok
flow|thok
flythecoop|thok
footrace|thok
getgoing|thok
giveuptheghost|thok
giveout|thok
giveway|thok
goaway|thok
gobad|thok
gogame|thok
headforthehills|thok
hightailit|thok
holdout|thok
holdup|thok
hugdrug|thok
hunt|thok
huntdown|thok
impress|thok
incite|thok
incline|thok
kickthebucket|thok
ladder|thok
lam|thok
last|thok
lean|thok
liveon|thok
locomote|thok
makeamotion|thok
mannerofwalking|thok
melt|thok
meltdown|thok
motility|thok
motion|thok
motivate|thok
movement|thok
offer|thok
operate|thok
outpouring|thok
paseo|thok
passaway|thok
perish|thok
persist|thok
play|thok
plump|thok
ply|thok
politicalcampaign|thok
popoff|thok
prevail|thok
proceed|thok
prompt|thok
propel|thok
race|thok
ravel|thok
relocation|thok
rifle|thok
rill|thok
rivulet|thok
runaway|thok
runfor|thok
runlow|thok
runshort|thok
runnel|thok
running|thok
runninggame|thok
runningplay|thok
scarper|thok
scat|thok
snuffit|thok
sound|thok
spell|thok
streak|thok
streamlet|thok
taketheair|thok
taketothewoods|thok
tally|thok
tend|thok
test|thok
tour|thok
trackdown|thok
travel|thok
trial|thok
turn|thok
turntail|thok
unravel|thok
walkoflife|thok
walking|thok
walkway|thok
whirl|thok
work|thok
stop|fek
cease|fek
halt|fek
arrest|fek
barricade|fek
becomeflat|fek
block|fek
blockoff|fek
blockup|fek
blockade|fek
blockage|fek
breakoff|fek
check|fek
closure|fek
crippled|fek
diaphragm|fek
dice|fek
dieout|fek
discontinue|fek
end|fek
finish|fek
freeze|fek
fullpoint|fek
fullstop|fek
gimpy|fek
giveup|fek
halting|fek
hitch|fek
holdback|fek
holdon|fek
intercept|fek
kibosh|fek
lame|fek
layoff|fek
layover|fek
occlusion|fek
occlusive|fek
pall|fek
period|fek
plosive|fek
plosiveconsonant|fek
plosivespeechsound|fek
point|fek
quit|fek
stanch|fek
staunch|fek
stay|fek
stem|fek
stopconsonant|fek
stopover|fek
stoppage|fek
terminate|fek
turnback|fek
hide|ses
unseen|ses
concealed|ses
smoked|ses
blotout|ses
conceal|ses
enshroud|ses
fell|ses
fume|ses
hidden|ses
hideout|ses
holdin|ses
obliterate|ses
obscure|ses
outofsight|ses
pelt|ses
shroud|ses
skin|ses
smoke|ses
smokecured|ses
smokedried|ses
spiritualdomain|ses
spiritualworld|ses
unobserved|ses
veil|ses
sense|hahsh
adjoin|hahsh
advert|hahsh
allude|hahsh
bearon|hahsh
bearupon|hahsh
cometo|hahsh
commonsense|hahsh
concern|hahsh
cutaneoussenses|hahsh
disturb|hahsh
find|hahsh
finger|hahsh
ghost|hahsh
goodsense|hahsh
gumption|hahsh
havetodoewith|hahsh
hint|hahsh
horsesense|hahsh
impact|hahsh
jot|hahsh
match|hahsh
meet|hahsh
mite|hahsh
motherwit|hahsh
palpate|hahsh
pertain|hahsh
pinch|hahsh
refer|hahsh
relate|hahsh
rival|hahsh
sensation|hahsh
senseoftouch|hahsh
sensoryfaculty|hahsh
sentience|hahsh
sentiency|hahsh
signature|hahsh
signified|hahsh
skinsenses|hahsh
smellout|hahsh
soupcon|hahsh
speck|hahsh
stir|hahsh
tactileproperty|hahsh
tactilesensation|hahsh
tactualsensation|hahsh
tinct|hahsh
tinge|hahsh
tint|hahsh
touchmodality|hahsh
touchon|hahsh
touchsensation|hahsh
touching|hahsh
trace|hahsh
see|eyik
witness|eyik
behold|eyik
appear|eyik
ascertain|eyik
aspect|eyik
assure|eyik
attend|eyik
attestant|eyik
attestator|eyik
attestor|eyik
await|eyik
bet|eyik
calculate|eyik
comeacross|eyik
construe|eyik
control|eyik
count|eyik
date|eyik
depend|eyik
determine|eyik
discover|eyik
encounter|eyik
ensure|eyik
envision|eyik
escort|eyik
examine|eyik
expect|eyik
expression|eyik
eyeshot|eyik
face|eyik
facialexpression|eyik
fancy|eyik
figure|eyik
findout|eyik
front|eyik
getaline|eyik
getwind|eyik
getword|eyik
goout|eyik
gosteady|eyik
gothrough|eyik
hear|eyik
horizon|eyik
image|eyik
informant|eyik
insure|eyik
interpret|eyik
layeyeson|eyik
looker|eyik
looking|eyik
lookingat|eyik
opinion|eyik
panorama|eyik
persuasion|eyik
pickup|eyik
picture|eyik
project|eyik
prospect|eyik
purview|eyik
realise|eyik
realize|eyik
reckon|eyik
regard|eyik
runacross|eyik
runinto|eyik
scene|eyik
search|eyik
seetoit|eyik
seem|eyik
sentiment|eyik
sight|eyik
spectator|eyik
survey|eyik
takecare|eyik
thought|eyik
understand|eyik
viewer|eyik
visit|eyik
vista|eyik
visualise|eyik
visualize|eyik
wait|eyik
watch|ensh
watcher|eyik
witnesser|eyik
leisure|zomfa
happiness|zomfa
happy|zomfa
glad|zomfa
beaming|zomfa
felicitous|zomfa
felicity|zomfa
gladiola|zomfa
gladiolus|zomfa
leisuretime|zomfa
swordlily|zomfa
wellchosen|zomfa
reign|domosh
domination|domosh
dominion|domosh
kingship|domosh
district|domosh
dominate|domosh
mastery|domosh
predominate|domosh
rule|domosh
sovereignty|domosh
supremacy|domosh
territorialdominion|domosh
territory|domosh
master|arkosh
king|arkosh
bbking|arkosh
billiejeanking|arkosh
billiejeanmoffittking|arkosh
martinlutherking|arkosh
martinlutherkingjr|arkosh
rex|arkosh
rileybking|arkosh
baron|arkosh
bigbusinessman|arkosh
businessleader|arkosh
captain|arkosh
chief|arkosh
getover|arkosh
getthehang|arkosh
headmaster|arkosh
lord|arkosh
maestro|arkosh
magnate|arkosh
main|arkosh
malemonarch|arkosh
mastercopy|arkosh
masterkey|arkosh
mogul|arkosh
original|arkosh
overcome|arkosh
overlord|arkosh
passepartout|arkosh
passkey|arkosh
power|poz
primary|arkosh
principal|arkosh
professional|arkosh
queen|arkosh
schoolmaster|arkosh
seacaptain|arkosh
skipper|arkosh
subdue|arkosh
superior|arkosh
surmount|arkosh
topexecutive|arkosh
tycoon|arkosh
victor|arkosh
worldbeater|arkosh
war|voth
battle|voth
fight|voth
slaughter|voth
agitate|voth
butcher|voth
butchery|voth
carnage|voth
combat|voth
competitiveness|voth
conflict|voth
contend|voth
crusade|voth
debacle|voth
defend|voth
drubbing|voth
engagement|voth
fightback|voth
fightdown|voth
fighting|voth
massmurder|voth
massacre|voth
mowdown|voth
oppose|voth
press|voth
push|voth
scrap|voth
stateofwar|voth
struggle|voth
thrashing|voth
trouncing|voth
walloping|voth
warfare|voth
whipping|voth
desirable|hedoq
delicious|hedoq
wanted|hedoq
objective|hedoq
accusative|hedoq
cherished|hedoq
delectable|hedoq
delightful|hedoq
desire|hedoq
documentary|hedoq
luscious|hedoq
nonsubjective|hedoq
object|hedoq
objectglass|hedoq
objectlens|hedoq
objectivelens|hedoq
pleasanttasting|hedoq
precious|hedoq
scrumptious|hedoq
suitable|hedoq
target|hedoq
toothsome|hedoq
treasured|hedoq
want|greesh
worthy|hedoq
yummy|hedoq
kingdom|nith
dinland|nith
edwinherbertland|nith
acres|nith
bodypolitic|nith
bringdown|nith
commonwealth|nith
country|nith
demesne|nith
domain|nith
down|nith
earthlyconcern|nith
estate|nith
farming|nith
globe|nith
landedestate|nith
nation|nith
putdown|nith
realm|nith
respublica|nith
setashore|nith
setdown|nith
shootdown|nith
shore|nith
state|nith
world|nith
worldlyconcern|nith
devour|gluth
corrode|gluth
eaton|gluth
guttle|gluth
pig|gluth
raven|gluth
rust|gluth
squander|gluth
ware|gluth
waste|gluth
darkness|omoz
abyss|omoz
blackness|omoz
hell|omoz
hades|omoz
inferno|omoz
scheol|omoz
aby|omoz
abye|omoz
abysm|omoz
atone|omoz
black|omoz
blaze|omoz
dark|omoz
duskiness|omoz
expiate|omoz
hellonearth|omoz
hellhole|omoz
infernalregion|omoz
iniquity|omoz
inkiness|omoz
lightlessness|omoz
netherregion|omoz
netherworld|omoz
perdition|omoz
pit|omoz
pitchblackness|omoz
shadow|omoz
sin|omoz
snakepit|omoz
swarthiness|omoz
thepits|omoz
totaldarkness|omoz
underworld|omoz
wickedness|omoz
home|nesh
sanctuary|nesh
safety|nesh
abode|nesh
asylum|nesh
basehit|nesh
bema|nesh
chancel|nesh
condom|nesh
domicile|nesh
dwelling|nesh
dwellinghouse|nesh
family|nesh
guard|nesh
habitation|nesh
homebase|nesh
homeplate|nesh
house|nesh
household|nesh
interior|nesh
internal|nesh
menage|nesh
national|nesh
nursinghome|nesh
plate|nesh
prophylactic|nesh
refuge|nesh
resthome|nesh
rubber|nesh
safe|nesh
safetydevice|nesh
pain|safras
wound|safras
abide|safras
ache|safras
ail|safras
anguish|safras
annoyance|safras
bother|safras
botheration|safras
brook|safras
bruise|safras
combatinjury|safras
curve|safras
digest|safras
hoist|safras
hurt|safras
hurting|safras
infliction|safras
injure|safras
injury|safras
lesion|safras
lift|safras
lose|safras
meander|safras
nose|safras
nuisance|safras
offend|safras
painintheass|safras
painintheneck|safras
painsensation|safras
painfulsensation|safras
painfulness|safras
putup|safras
roll|safras
scent|safras
spite|safras
stand|safras
stickout|safras
stomach|safras
thread|safras
tolerate|safras
trouble|safras
twine|safras
twist|safras
wander|safras
weave|safras
wind|safras
windup|safras
wounding|safras
wrap|safras
wreathe|safras
ability|poz
skill|poz
action|poz
ultimate|poz
accomplishment|poz
acquirement|poz
acquisition|poz
actionatlaw|poz
actionmechanism|poz
activeness|poz
activity|poz
attainment|poz
carryout|poz
carrythrough|poz
charm|poz
enchantment|poz
exponent|poz
force|poz
fulfil|poz
fulfill|poz
greatpower|poz
import|poz
index|poz
legalaction|poz
litigate|poz
magicspell|poz
magicalspell|poz
majorpower|poz
might|poz
mightiness|poz
militaryaction|poz
naturalaction|poz
naturalprocess|poz
patch|poz
powerfulness|poz
process|poz
science|poz
spellout|poz
sue|poz
superpower|poz
trance|poz
while|poz
worldpower|poz
write|poz
Illness|irush
commoncold|irush
plague|irush
beset|irush
blight|irush
chevvy|irush
chevy|irush
chivvy|irush
chivy|irush
harass|irush
harry|irush
hassle|irush
illness|irush
infestation|irush
malady|irush
molest|irush
pest|irush
pestilence|irush
pestis|irush
provoke|irush
sickness|irush
unwellness|irush
spread|groth
widen|groth
open|groth
welcome|groth
afford|groth
assailable|groth
banquet|groth
bedcover|groth
bedcovering|groth
bedspread|groth
broadcast|groth
broaden|groth
candid|groth
capable|groth
cattlefarm|groth
cattleranch|groth
circularise|groth
circularize|groth
circulate|groth
clear|groth
counterpane|groth
diffuse|groth
disperse|groth
dispersed|groth
disseminate|groth
distribute|groth
exposed|groth
facingpages|groth
fanout|groth
feast|groth
gap|groth
goaround|groth
hearttoheart|groth
letout|groth
loose|groth
openair|groth
openup|groth
opened|groth
outofdoors|groth
outdoors|groth
outspread|groth
overspread|groth
overt|groth
passaround|groth
paste|groth
propagate|groth
ranch|groth
receptive|groth
scatter|groth
spreadhead|groth
spreadout|groth
spreading|groth
subject|groth
surface|groth
undecided|groth
undefendable|groth
undefended|groth
undetermined|groth
unfastened|groth
unfold|groth
unresolved|groth
debt|greesh
lack|greesh
deficiency|greesh
indigence|greesh
miss|greesh
motivation|greesh
motive|greesh
pauperism|greesh
pauperization|greesh
penury|greesh
payment|lieyev
gift|lieyev
tithe|lieyev
taxes|lieyev
tax|lieyev
assess|lieyev
defrayal|lieyev
defrayment|lieyev
empower|lieyev
endow|lieyev
endowment|lieyev
endue|lieyev
giving|lieyev
indue|lieyev
invest|lieyev
naturalendowment|lieyev
present|lieyev
requital|lieyev
revenueenhancement|lieyev
talent|lieyev
task|lieyev
taxation|lieyev
taxis|lieyev
time|chron
duration|chron
catamenia|chron
clip|chron
clock|chron
clocktime|chron
continuance|chron
fourthdimension|chron
geologicalperiod|chron
length|chron
menses|chron
menstruation|chron
menstruum|chron
meter|chron
metre|chron
periodoftime|chron
prisonterm|chron
sentence|chron
timeperiod|chron
toys|rast
puppets|rast
amusement|rast
entertainment|rast
creature|rast
dally|rast
diddle|rast
fiddle|rast
flirt|rast
marionette|rast
miniature|rast
plaything|rast
puppet|rast
tool|rast
toy|rast
toydog|rast
failure|miskath
incomplete|miskath
unfinished|miskath
bankruptcy|miskath
bare|miskath
loser|miskath
nonstarter|miskath
uncomplete|miskath
uncompleted|miskath
unsuccessfulperson|miskath
weakling|fol
whelp|fol
peasant|fol
fool|fol
greg|fol
fools|fol
goth|fol
arsearound|fol
barbarian|fol
befool|fol
boor|fol
bucolic|fol
chump|fol
churl|fol
cod|fol
dissipate|fol
doormat|fol
dupe|fol
fallguy|fol
foolaround|fol
foolaway|fol
fritter|fol
fritteraway|fol
frivolaway|fol
gull|fol
horsearound|fol
jester|fol
mark|fol
motleyfool|fol
mug|fol
muggins|fol
patsy|fol
provincial|fol
pup|fol
puton|fol
putoneacross|fol
putoneover|fol
saphead|fol
slang|fol
softtouch|fol
sucker|fol
tike|fol
tomfool|fol
tyke|fol
wuss|fol
know|ensh
acknowledge|ensh
bang|ensh
beintimate|ensh
bed|ensh
bonk|ensh
cognise|ensh
cognize|ensh
con|ensh
doit|ensh
eff|ensh
fuck|ensh
getiton|ensh
getlaid|ensh
haveagoatit|ensh
haveintercourse|ensh
haveitaway|ensh
haveitoff|ensh
havesex|ensh
hump|ensh
instruct|ensh
jazz|ensh
larn|ensh
liewith|ensh
love|ensh
makelove|ensh
makeout|ensh
memorise|ensh
memorize|ensh
recognise|ensh
recognize|ensh
rollinthehay|ensh
screw|ensh
sleeptogether|ensh
sleepwith|ensh
teach|ensh
once|ov
singular|ov
atonetime|ov
curious|ov
erst|ov
erstwhile|ov
formerly|ov
funny|ov
inonecase|ov
matchless|ov
nonpareil|ov
odd|ov
oneandonly|ov
onetime|ov
peculiar|ov
peerless|ov
queer|ov
remarkable|ov
rum|ov
rummy|ov
singularform|ov
unique|ov
unitary|ov
unmatchable|ov
unmatched|ov
unrivaled|ov
unrivalled|ov
seven|sav
seventh|sav
7|sav
7th|sav
vii|sav
heptad|sav
oneseventh|sav
septenary|sav
septet|sav
sevenspot|sav
sevener|sav
excrement|kish
barren|kish
blow|kish
bodywaste|kish
desolate|kish
devastate|kish
dissipation|kish
doin|kish
emaciate|kish
excreta|kish
excretion|kish
excretoryproduct|kish
godforsaken|kish
knockoff|kish
languish|kish
laywasteto|kish
liquidate|kish
macerate|kish
neutralise|kish
neutralize|kish
permissivewaste|kish
pineaway|kish
ravage|kish
rot|kish
runoff|kish
scourge|kish
thriftlessness|kish
wastematerial|kish
wastematter|kish
wasteproduct|kish
wastefulness|kish
wasteland|kish
wild|kish
hope|sol
light|sol
brightness|sol
sun|sol
fire|sol
bobhope|sol
christwithin|sol
dominicus|sol
innerlight|sol
leslietowneshope|sol
lightwithin|sol
lordsday|sol
sunday|sol
abstemious|sol
alight|sol
ardor|sol
ardour|sol
arouse|sol
attack|sol
blast|sol
brightnesslevel|sol
burn|sol
burndown|sol
caloriefree|sol
can|sol
clean|sol
cleverness|sol
dismiss|sol
dismount|sol
easy|sol
elicit|sol
enkindle|sol
evoke|sol
faint|sol
fall|sol
fervency|sol
fervidness|sol
fervor|sol
fervour|sol
fireup|sol
firing|sol
flack|sol
flak|sol
flame|sol
flaming|sol
forceout|sol
fuel|sol
getdown|sol
getoff|sol
givenotice|sol
givetheaxe|sol
givethesack|sol
gofor|sol
gooff|sol
idle|sol
ignite|sol
igniter|sol
ignitor|sol
illume|sol
illuminate|sol
illumination|sol
illumine|sol
insolate|sol
kindle|sol
lightcolored|sol
lightheaded|sol
lightsource|sol
lightup|sol
lighter|sol
lighting|sol
lightly|sol
lightness|sol
lightsome|sol
lite|sol
lowcal|sol
luminance|sol
luminosity|sol
luminousness|sol
openfire|sol
perch|sol
promiscuous|sol
promise|sol
raise|sol
sack|sol
scant|sol
sendaway|sol
short|sol
sluttish|sol
smartness|sol
solarise|sol
solarize|sol
spark|sol
sparkle|sol
sunbathe|sol
sunlight|sol
sunshine|sol
swooning|sol
tripping|sol
trust|sol
twinkle|sol
unaccented|sol
unclouded|sol
unhorse|sol
visiblelight|sol
visibleradiation|sol
wakeful|sol
wanton|sol
weak|sol
sandwich|sovoz
snack|sovoz
bite|sovoz
collation|sovoz
nosh|sovoz
from|fathozh
many|moznith
willowd|wrlom
margin|mozglu
of|olfo
immemorial|izmisrosichaar
thames|thoashek
standing|sekik
in|izns
a|as
vale|vothlof
outcarven|omfchavot
forgotten|fegrotho
day|doachayi
there|thoeyen
dimly|domlof
seen|shken
uprising|ucharushis
through|throsuchahm
greenly|grolom
veiled|vricheyik
stems|solensov
mansiond|mozsof
tower|taek
crowned|chaomnedoq
its|iruthoshk
dreamy|doqeyikmoz
roqe|rooq
grey|greyik
all|ashlolof
city|chatak
qy|okyi
fording|fiich
aged|arkey
lives|lofvrshk
men|moeyikne
proudly|prlof
wrapt|wrachth
mystic|moth
memry|mozro
overpassing|omopriru
human|homoz
ken|kathekne
